{"0": {"precision": 1.0, "recall": 0.8928571428571429, "f1-score": 0.9433962264150945, "support": 84}, "1": {"precision": 0.912621359223301, "recall": 1.0, "f1-score": 0.9543147208121827, "support": 94}, "accuracy": 0.949438202247191, "macro avg": {"precision": 0.9563106796116505, "recall": 0.9464285714285714, "f1-score": 0.9488554736136385, "support": 178}, "weighted avg": {"precision": 0.9538562234100578, "recall": 0.949438202247191, "f1-score": 0.9491621728944557, "support": 178}, "roc_auc": 0.9464285714285715, "essential_qte": 404, "non_essential_qte": 486}