{"0": {"precision": 1.0, "recall": 0.9523809523809523, "f1-score": 0.975609756097561, "support": 84}, "1": {"precision": 0.9591836734693877, "recall": 1.0, "f1-score": 0.9791666666666666, "support": 94}, "accuracy": 0.9775280898876404, "macro avg": {"precision": 0.9795918367346939, "recall": 0.9761904761904762, "f1-score": 0.9773882113821137, "support": 178}, "weighted avg": {"precision": 0.978445310708553, "recall": 0.9775280898876404, "f1-score": 0.9774881246003472, "support": 178}, "roc_auc": 0.9761904761904762, "essential_qte": 404, "non_essential_qte": 486}