{"0": {"precision": 1.0, "recall": 0.9047619047619048, "f1-score": 0.9500000000000001, "support": 84}, "1": {"precision": 0.9215686274509803, "recall": 1.0, "f1-score": 0.9591836734693878, "support": 94}, "accuracy": 0.9550561797752809, "macro avg": {"precision": 0.9607843137254901, "recall": 0.9523809523809523, "f1-score": 0.9545918367346939, "support": 178}, "weighted avg": {"precision": 0.958581185283102, "recall": 0.9550561797752809, "f1-score": 0.9548498050905757, "support": 178}, "roc_auc": 0.9523809523809523, "essential_qte": 404, "non_essential_qte": 486}